tecnico_id,vivienda_id,fecha_asignacion
3,SIM-2025-0001,15-06-2026
1,SIM-2025-0002,15-06-2026
1,SIM-2024-0003,15-06-2026
1,SIM-2026-0004,15-06-2026
1,SIM-2026-0005,15-06-2026
1,SIM-2026-0007,15-06-2026
1,SIM-2025-0010,15-06-2026
1,SIM-2024-0011,15-06-2026
6,SIM-2025-0013,15-06-2026
4,SIM-2025-0015,15-06-2026
1,SIM-2024-0017,15-06-2026
1,SIM-2026-0020,15-06-2026
1,SIM-2025-0021,15-06-2026
2,SIM-2026-0024,15-06-2026
2,SIM-2024-0025,15-06-2026
5,SIM-2025-0026,15-06-2026
1,SIM-2026-0027,15-06-2026
1,SIM-2025-0028,15-06-2026
2,SIM-2025-0029,15-06-2026
4,SIM-2024-0031,15-06-2026
1,SIM-2025-0032,15-06-2026
3,SIM-2026-0035,15-06-2026
1,SIM-2025-0036,15-06-2026
1,SIM-2025-0038,15-06-2026
1,SIM-2024-0039,15-06-2026
3,SIM-2026-0040,15-06-2026
1,SIM-2023-0042,15-06-2026
4,SIM-2025-0043,15-06-2026
2,SIM-2025-0044,15-06-2026
1,SIM-2025-0054,15-06-2026
2,SIM-2025-0056,15-06-2026
1,SIM-2025-0057,15-06-2026
2,SIM-2026-0058,15-06-2026
3,SIM-2025-0060,15-06-2026
1,SIM-2025-0061,15-06-2026
1,SIM-2025-0062,15-06-2026
3,SIM-2025-0063,15-06-2026
1,SIM-2026-0064,15-06-2026
1,SIM-2026-0074,15-06-2026
3,SIM-2024-0075,15-06-2026
4,SIM-2025-0076,15-06-2026
3,SIM-2023-0077,15-06-2026
1,SIM-2026-0078,15-06-2026
3,SIM-2025-0080,15-06-2026
1,SIM-2026-0082,15-06-2026
3,SIM-2024-0083,15-06-2026
2,SIM-2024-0086,15-06-2026
2,SIM-2025-0087,15-06-2026
1,SIM-2025-0089,15-06-2026
3,SIM-2025-0091,15-06-2026
1,SIM-2024-0093,15-06-2026
4,SIM-2025-0096,15-06-2026
2,SIM-2024-0098,15-06-2026
3,SIM-2025-0099,15-06-2026
1,SIM-2025-0100,15-06-2026
2,SIM-2026-0101,15-06-2026
1,SIM-2025-0103,15-06-2026
4,SIM-2025-0104,15-06-2026
1,SIM-2025-0106,15-06-2026
4,SIM-2026-0107,15-06-2026
6,SIM-2025-0108,15-06-2026
1,SIM-2024-0109,15-06-2026
1,SIM-2025-0110,15-06-2026
3,SIM-2024-0113,15-06-2026
6,SIM-2025-0115,15-06-2026
6,SIM-2025-0116,15-06-2026
1,SIM-2025-0117,15-06-2026
5,SIM-2024-0119,15-06-2026
3,SIM-2025-0120,15-06-2026
5,SIM-2026-0121,15-06-2026
4,SIM-2025-0123,15-06-2026
2,SIM-2026-0128,15-06-2026
1,SIM-2025-0129,15-06-2026
1,SIM-2026-0130,15-06-2026
1,SIM-2024-0131,15-06-2026
6,SIM-2025-0132,15-06-2026
5,SIM-2025-0133,15-06-2026
5,SIM-2025-0134,15-06-2026
1,SIM-2025-0135,15-06-2026
5,SIM-2024-0136,15-06-2026
4,SIM-2026-0137,15-06-2026
1,SIM-2026-0138,15-06-2026
1,SIM-2025-0141,15-06-2026
5,SIM-2025-0143,15-06-2026
2,SIM-2025-0144,15-06-2026
1,SIM-2025-0147,15-06-2026
2,SIM-2024-0149,15-06-2026
1,SIM-2025-0150,15-06-2026
2,SIM-2026-0152,15-06-2026
5,SIM-2025-0153,15-06-2026
1,SIM-2025-0154,15-06-2026
3,SIM-2025-0156,15-06-2026
1,SIM-2026-0157,15-06-2026
1,SIM-2025-0158,15-06-2026
1,SIM-2025-0159,15-06-2026
1,SIM-2024-0162,15-06-2026
1,SIM-2025-0166,15-06-2026
1,SIM-2026-0167,15-06-2026
1,SIM-2024-0169,15-06-2026
4,SIM-2025-0170,15-06-2026
3,SIM-2025-0171,15-06-2026
2,SIM-2025-0172,15-06-2026
6,SIM-2023-0176,15-06-2026
2,SIM-2025-0178,15-06-2026
1,SIM-2026-0179,15-06-2026
3,SIM-2025-0180,15-06-2026
1,SIM-2023-0181,15-06-2026
6,SIM-2025-0182,15-06-2026
3,SIM-2025-0184,15-06-2026
5,SIM-2025-0185,15-06-2026
1,SIM-2026-0186,15-06-2026
1,SIM-2026-0187,15-06-2026
5,SIM-2025-0190,15-06-2026
2,SIM-2024-0191,15-06-2026
3,SIM-2026-0192,15-06-2026
1,SIM-2025-0194,15-06-2026
1,SIM-2025-0200,15-06-2026
1,SIM-2025-0201,15-06-2026
3,SIM-2026-0202,15-06-2026
4,SIM-2024-0203,15-06-2026
3,SIM-2024-0206,15-06-2026
3,SIM-2025-0208,15-06-2026
6,SIM-2025-0209,15-06-2026
4,SIM-2024-0210,15-06-2026
1,SIM-2026-0211,15-06-2026
2,SIM-2025-0212,15-06-2026
3,SIM-2026-0213,15-06-2026
2,SIM-2024-0215,15-06-2026
1,SIM-2025-0218,15-06-2026
1,SIM-2026-0221,15-06-2026
1,SIM-2025-0222,15-06-2026
1,SIM-2025-0223,15-06-2026
1,SIM-2024-0224,15-06-2026
1,SIM-2026-0225,15-06-2026
1,SIM-2026-0226,15-06-2026
4,SIM-2024-0229,15-06-2026
2,SIM-2026-0230,15-06-2026
4,SIM-2026-0231,15-06-2026
3,SIM-2025-0232,15-06-2026
5,SIM-2025-0233,15-06-2026
6,SIM-2025-0236,15-06-2026
1,SIM-2025-0238,15-06-2026
1,SIM-2025-0239,15-06-2026
6,SIM-2024-0240,15-06-2026
1,SIM-2025-0241,15-06-2026
3,SIM-2026-0242,15-06-2026
4,SIM-2025-0243,15-06-2026
1,SIM-2026-0244,15-06-2026
6,SIM-2024-0248,15-06-2026
5,SIM-2025-0249,15-06-2026
1,SIM-2024-0250,15-06-2026
6,SIM-2026-0251,15-06-2026
1,SIM-2025-0252,15-06-2026
3,SIM-2025-0254,15-06-2026
2,SIM-2025-0255,15-06-2026
1,SIM-2026-0256,15-06-2026
3,SIM-2025-0257,15-06-2026
2,SIM-2026-0258,15-06-2026
1,SIM-2025-0260,15-06-2026
1,SIM-2025-0261,15-06-2026
3,SIM-2025-0264,15-06-2026
1,SIM-2025-0265,15-06-2026
6,SIM-2026-0266,15-06-2026
3,SIM-2024-0267,15-06-2026
1,SIM-2025-0270,15-06-2026
2,SIM-2026-0271,15-06-2026
1,SIM-2025-0274,15-06-2026
1,SIM-2026-0275,15-06-2026
1,SIM-2025-0278,15-06-2026
1,SIM-2025-0279,15-06-2026
4,SIM-2025-0281,15-06-2026
1,SIM-2025-0283,15-06-2026
2,SIM-2025-0286,15-06-2026
3,SIM-2026-0287,15-06-2026
1,SIM-2025-0288,15-06-2026
1,SIM-2026-0292,15-06-2026
1,SIM-2026-0293,15-06-2026
3,SIM-2023-0294,15-06-2026
6,SIM-2025-0301,15-06-2026
3,SIM-2025-0302,15-06-2026
4,SIM-2025-0304,15-06-2026
1,SIM-2026-0305,15-06-2026
5,SIM-2026-0307,15-06-2026
1,SIM-2025-0308,15-06-2026
1,SIM-2026-0309,15-06-2026
1,SIM-2025-0312,15-06-2026
6,SIM-2026-0314,15-06-2026
5,SIM-2026-0316,15-06-2026
1,SIM-2025-0317,15-06-2026
1,SIM-2026-0323,15-06-2026
1,SIM-2026-0325,15-06-2026
4,SIM-2026-0326,15-06-2026
3,SIM-2024-0327,15-06-2026
3,SIM-2026-0328,15-06-2026
1,SIM-2024-0329,15-06-2026
3,SIM-2024-0330,15-06-2026
3,SIM-2026-0332,15-06-2026
1,SIM-2026-0333,15-06-2026
1,SIM-2026-0334,15-06-2026
6,SIM-2026-0335,15-06-2026
1,SIM-2024-0336,15-06-2026
1,SIM-2026-0338,15-06-2026
1,SIM-2024-0339,15-06-2026
1,SIM-2025-0340,15-06-2026
5,SIM-2025-0341,15-06-2026
2,SIM-2026-0342,15-06-2026
1,SIM-2025-0345,15-06-2026
2,SIM-2026-0346,15-06-2026
3,SIM-2026-0347,15-06-2026
1,SIM-2026-0348,15-06-2026
3,SIM-2025-0349,15-06-2026
2,SIM-2025-0350,15-06-2026
1,SIM-2026-0351,15-06-2026
3,SIM-2025-0353,15-06-2026
1,SIM-2024-0354,15-06-2026
4,SIM-2023-0355,15-06-2026
2,SIM-2026-0357,15-06-2026
2,SIM-2026-0358,15-06-2026
2,SIM-2025-0359,15-06-2026
1,SIM-2025-0361,15-06-2026
3,SIM-2025-0362,15-06-2026
3,SIM-2026-0363,15-06-2026
6,SIM-2025-0364,15-06-2026
1,SIM-2025-0366,15-06-2026
5,SIM-2024-0367,15-06-2026
1,SIM-2026-0368,15-06-2026
1,SIM-2025-0373,15-06-2026
2,SIM-2026-0375,15-06-2026
3,SIM-2026-0378,15-06-2026
1,SIM-2025-0380,15-06-2026
5,SIM-2024-0381,15-06-2026
2,SIM-2026-0384,15-06-2026
1,SIM-2025-0386,15-06-2026
2,SIM-2025-0387,15-06-2026
1,SIM-2025-0388,15-06-2026
3,SIM-2025-0389,15-06-2026
1,SIM-2023-0390,15-06-2026
1,SIM-2025-0391,15-06-2026
5,SIM-2025-0392,15-06-2026
6,SIM-2024-0394,15-06-2026
4,SIM-2025-0398,15-06-2026
1,SIM-2025-0399,15-06-2026
3,SIM-2023-0401,15-06-2026
1,SIM-2025-0403,15-06-2026
3,SIM-2025-0407,15-06-2026
4,SIM-2024-0408,15-06-2026
2,SIM-2025-0412,15-06-2026
2,SIM-2025-0417,15-06-2026
3,SIM-2025-0420,15-06-2026
1,SIM-2026-0421,15-06-2026
1,SIM-2025-0424,15-06-2026
1,SIM-2025-0428,15-06-2026
1,SIM-2024-0431,15-06-2026
1,SIM-2026-0436,15-06-2026
1,SIM-2025-0438,15-06-2026
3,SIM-2026-0439,15-06-2026
2,SIM-2026-0442,15-06-2026
1,SIM-2025-0443,15-06-2026
1,SIM-2025-0444,15-06-2026
1,SIM-2026-0446,15-06-2026
1,SIM-2026-0447,15-06-2026
1,SIM-2025-0448,15-06-2026
1,SIM-2026-0449,15-06-2026
4,SIM-2023-0451,15-06-2026
2,SIM-2026-0454,15-06-2026
1,SIM-2025-0455,15-06-2026
2,SIM-2025-0456,15-06-2026
1,SIM-2026-0457,15-06-2026
5,SIM-2026-0458,15-06-2026
2,SIM-2025-0459,15-06-2026
2,SIM-2026-0462,15-06-2026
4,SIM-2026-0463,15-06-2026
3,SIM-2026-0464,15-06-2026
4,SIM-2026-0465,15-06-2026
1,SIM-2025-0466,15-06-2026
1,SIM-2025-0467,15-06-2026
5,SIM-2025-0468,15-06-2026
1,SIM-2025-0471,15-06-2026
1,SIM-2025-0473,15-06-2026
1,SIM-2025-0475,15-06-2026
1,SIM-2025-0477,15-06-2026
3,SIM-2026-0478,15-06-2026
3,SIM-2025-0479,15-06-2026
4,SIM-2026-0480,15-06-2026
2,SIM-2026-0481,15-06-2026
3,SIM-2026-0487,15-06-2026
1,SIM-2026-0489,15-06-2026
4,SIM-2025-0490,15-06-2026
1,SIM-2026-0494,15-06-2026
1,SIM-2025-0495,15-06-2026
1,SIM-2025-0496,15-06-2026
2,SIM-2024-0498,15-06-2026
5,SIM-2026-0500,15-06-2026
1,SIM-2025-0501,15-06-2026
1,SIM-2026-0502,15-06-2026
1,SIM-2025-0503,15-06-2026
1,SIM-2023-0505,15-06-2026
4,SIM-2025-0506,15-06-2026
1,SIM-2025-0507,15-06-2026
1,SIM-2025-0508,15-06-2026
1,SIM-2026-0511,15-06-2026
4,SIM-2026-0512,15-06-2026
1,SIM-2026-0513,15-06-2026
2,SIM-2025-0515,15-06-2026
2,SIM-2025-0516,15-06-2026
1,SIM-2026-0517,15-06-2026
3,SIM-2024-0521,15-06-2026
6,SIM-2026-0522,15-06-2026
1,SIM-2026-0524,15-06-2026
1,SIM-2026-0530,15-06-2026
6,SIM-2025-0532,15-06-2026
3,SIM-2026-0534,15-06-2026
1,SIM-2023-0536,15-06-2026
1,SIM-2024-0538,15-06-2026
1,SIM-2024-0539,15-06-2026
3,SIM-2026-0540,15-06-2026
2,SIM-2023-0542,15-06-2026
1,SIM-2025-0543,15-06-2026
4,SIM-2026-0544,15-06-2026
2,SIM-2025-0545,15-06-2026
4,SIM-2025-0546,15-06-2026
1,SIM-2024-0547,15-06-2026
1,SIM-2025-0548,15-06-2026
1,SIM-2025-0549,15-06-2026
1,SIM-2026-0550,15-06-2026
2,SIM-2024-0551,15-06-2026
1,SIM-2025-0556,15-06-2026
1,SIM-2026-0557,15-06-2026
5,SIM-2026-0558,15-06-2026
3,SIM-2025-0559,15-06-2026
1,SIM-2026-0560,15-06-2026
1,SIM-2024-0562,15-06-2026
1,SIM-2025-0563,15-06-2026
1,SIM-2025-0565,15-06-2026
1,SIM-2026-0566,15-06-2026
5,SIM-2024-0567,15-06-2026
3,SIM-2024-0568,15-06-2026
1,SIM-2025-0569,15-06-2026
1,SIM-2025-0570,15-06-2026
1,SIM-2025-0571,15-06-2026
1,SIM-2024-0574,15-06-2026
1,SIM-2025-0575,15-06-2026
4,SIM-2025-0576,15-06-2026
1,SIM-2025-0577,15-06-2026
1,SIM-2026-0578,15-06-2026
1,SIM-2026-0580,15-06-2026
5,SIM-2026-0581,15-06-2026
2,SIM-2024-0582,15-06-2026
1,SIM-2026-0583,15-06-2026
3,SIM-2026-0586,15-06-2026
4,SIM-2025-0587,15-06-2026
1,SIM-2026-0588,15-06-2026
1,SIM-2025-0589,15-06-2026
3,SIM-2026-0592,15-06-2026
5,SIM-2024-0594,15-06-2026
4,SIM-2025-0595,15-06-2026
6,SIM-2025-0596,15-06-2026
5,SIM-2024-0597,15-06-2026
2,SIM-2025-0598,15-06-2026
1,SIM-2026-0599,15-06-2026
1,SIM-2026-0600,15-06-2026
4,SIM-2025-0601,15-06-2026
1,SIM-2026-0606,15-06-2026
3,SIM-2026-0608,15-06-2026
1,SIM-2026-0609,15-06-2026
5,SIM-2026-0612,15-06-2026
1,SIM-2025-0616,15-06-2026
2,SIM-2024-0622,15-06-2026
4,SIM-2026-0623,15-06-2026
3,SIM-2025-0625,15-06-2026
6,SIM-2025-0626,15-06-2026
1,SIM-2025-0628,15-06-2026
1,SIM-2025-0629,15-06-2026
2,SIM-2023-0630,15-06-2026
1,SIM-2025-0631,15-06-2026
1,SIM-2026-0633,15-06-2026
1,SIM-2026-0634,15-06-2026
4,SIM-2025-0635,15-06-2026
1,SIM-2024-0636,15-06-2026
2,SIM-2023-0638,15-06-2026
2,SIM-2025-0640,15-06-2026
3,SIM-2025-0641,15-06-2026
4,SIM-2025-0642,15-06-2026
1,SIM-2026-0644,15-06-2026
1,SIM-2026-0645,15-06-2026
1,SIM-2024-0646,15-06-2026
5,SIM-2025-0648,15-06-2026
1,SIM-2025-0651,15-06-2026
6,SIM-2024-0652,15-06-2026
4,SIM-2025-0653,15-06-2026
1,SIM-2025-0654,15-06-2026
1,SIM-2024-0656,15-06-2026
1,SIM-2025-0657,15-06-2026
1,SIM-2026-0658,15-06-2026
1,SIM-2026-0660,15-06-2026
4,SIM-2025-0661,15-06-2026
5,SIM-2025-0662,15-06-2026
1,SIM-2025-0663,15-06-2026
1,SIM-2025-0665,15-06-2026
1,SIM-2025-0666,15-06-2026
1,SIM-2024-0667,15-06-2026
1,SIM-2025-0669,15-06-2026
1,SIM-2026-0670,15-06-2026
1,SIM-2025-0671,15-06-2026
4,SIM-2025-0672,15-06-2026
1,SIM-2025-0673,15-06-2026
3,SIM-2025-0676,15-06-2026
1,SIM-2024-0677,15-06-2026
1,SIM-2025-0678,15-06-2026
1,SIM-2025-0682,15-06-2026
1,SIM-2025-0683,15-06-2026
1,SIM-2024-0684,15-06-2026
2,SIM-2023-0686,15-06-2026
2,SIM-2024-0688,15-06-2026
6,SIM-2026-0689,15-06-2026
1,SIM-2025-0690,15-06-2026
1,SIM-2025-0692,15-06-2026
1,SIM-2024-0693,15-06-2026
2,SIM-2025-0694,15-06-2026
1,SIM-2025-0695,15-06-2026
1,SIM-2025-0696,15-06-2026
4,SIM-2024-0697,15-06-2026
1,SIM-2025-0701,15-06-2026
3,SIM-2026-0702,15-06-2026
3,SIM-2025-0703,15-06-2026
3,SIM-2026-0704,15-06-2026
1,SIM-2026-0705,15-06-2026
1,SIM-2025-0707,15-06-2026
1,SIM-2023-0708,15-06-2026
1,SIM-2025-0709,15-06-2026
1,SIM-2025-0710,15-06-2026
1,SIM-2026-0711,15-06-2026
2,SIM-2026-0712,15-06-2026
1,SIM-2025-0715,15-06-2026
1,SIM-2025-0718,15-06-2026
1,SIM-2025-0719,15-06-2026
1,SIM-2025-0720,15-06-2026
1,SIM-2025-0721,15-06-2026
1,SIM-2025-0722,15-06-2026
4,SIM-2024-0725,15-06-2026
1,SIM-2025-0728,15-06-2026
1,SIM-2026-0729,15-06-2026
3,SIM-2024-0730,15-06-2026
3,SIM-2025-0734,15-06-2026
3,SIM-2025-0737,15-06-2026
1,SIM-2025-0738,15-06-2026
1,SIM-2026-0739,15-06-2026
1,SIM-2026-0741,15-06-2026
5,SIM-2025-0742,15-06-2026
5,SIM-2026-0746,15-06-2026
1,SIM-2026-0748,15-06-2026
6,SIM-2026-0749,15-06-2026
3,SIM-2025-0752,15-06-2026
2,SIM-2025-0754,15-06-2026
1,SIM-2025-0756,15-06-2026
2,SIM-2026-0758,15-06-2026
3,SIM-2026-0760,15-06-2026
6,SIM-2024-0763,15-06-2026
6,SIM-2026-0764,15-06-2026
2,SIM-2023-0766,15-06-2026
6,SIM-2025-0768,15-06-2026
4,SIM-2026-0769,15-06-2026
2,SIM-2025-0770,15-06-2026
4,SIM-2024-0771,15-06-2026
1,SIM-2025-0772,15-06-2026
1,SIM-2026-0775,15-06-2026
1,SIM-2025-0776,15-06-2026
1,SIM-2026-0777,15-06-2026
6,SIM-2025-0778,15-06-2026
5,SIM-2025-0779,15-06-2026
4,SIM-2026-0781,15-06-2026
1,SIM-2026-0784,15-06-2026
5,SIM-2025-0786,15-06-2026
2,SIM-2024-0788,15-06-2026
2,SIM-2023-0789,15-06-2026
1,SIM-2024-0790,15-06-2026
2,SIM-2025-0791,15-06-2026
3,SIM-2025-0793,15-06-2026
3,SIM-2026-0794,15-06-2026
3,SIM-2025-0795,15-06-2026
3,SIM-2026-0796,15-06-2026
1,SIM-2025-0797,15-06-2026
1,SIM-2025-0798,15-06-2026
1,SIM-2026-0799,15-06-2026
1,SIM-2023-0801,15-06-2026
3,SIM-2026-0802,15-06-2026
1,SIM-2025-0804,15-06-2026
4,SIM-2025-0807,15-06-2026
1,SIM-2026-0808,15-06-2026
1,SIM-2026-0811,15-06-2026
1,SIM-2025-0813,15-06-2026
3,SIM-2026-0814,15-06-2026
1,SIM-2026-0816,15-06-2026
1,SIM-2025-0818,15-06-2026
5,SIM-2023-0820,15-06-2026
1,SIM-2024-0825,15-06-2026
4,SIM-2025-0827,15-06-2026
1,SIM-2026-0828,15-06-2026
1,SIM-2026-0830,15-06-2026
6,SIM-2024-0831,15-06-2026
2,SIM-2025-0832,15-06-2026
1,SIM-2024-0833,15-06-2026
4,SIM-2025-0836,15-06-2026
3,SIM-2024-0837,15-06-2026
1,SIM-2026-0839,15-06-2026
1,SIM-2025-0842,15-06-2026
1,SIM-2026-0843,15-06-2026
1,SIM-2025-0844,15-06-2026
1,SIM-2025-0845,15-06-2026
1,SIM-2026-0850,15-06-2026
2,SIM-2024-0851,15-06-2026
5,SIM-2025-0852,15-06-2026
3,SIM-2025-0853,15-06-2026
1,SIM-2024-0855,15-06-2026
1,SIM-2025-0856,15-06-2026
4,SIM-2026-0857,15-06-2026
6,SIM-2026-0858,15-06-2026
5,SIM-2025-0859,15-06-2026
1,SIM-2025-0861,15-06-2026
4,SIM-2025-0863,15-06-2026
1,SIM-2026-0865,15-06-2026
1,SIM-2026-0866,15-06-2026
4,SIM-2026-0868,15-06-2026
2,SIM-2026-0869,15-06-2026
2,SIM-2024-0871,15-06-2026
6,SIM-2025-0873,15-06-2026
1,SIM-2025-0874,15-06-2026
1,SIM-2025-0875,15-06-2026
6,SIM-2026-0876,15-06-2026
3,SIM-2026-0877,15-06-2026
5,SIM-2025-0879,15-06-2026
1,SIM-2025-0880,15-06-2026
4,SIM-2024-0882,15-06-2026
1,SIM-2025-0886,15-06-2026
1,SIM-2025-0888,15-06-2026
1,SIM-2025-0889,15-06-2026
1,SIM-2026-0890,15-06-2026
1,SIM-2026-0891,15-06-2026
1,SIM-2025-0893,15-06-2026
6,SIM-2025-0894,15-06-2026
6,SIM-2025-0895,15-06-2026
1,SIM-2026-0896,15-06-2026
1,SIM-2025-0899,15-06-2026
1,SIM-2025-0903,15-06-2026
4,SIM-2026-0904,15-06-2026
5,SIM-2026-0906,15-06-2026
1,SIM-2026-0909,15-06-2026
6,SIM-2025-0911,15-06-2026
1,SIM-2024-0912,15-06-2026
6,SIM-2025-0913,15-06-2026
6,SIM-2026-0914,15-06-2026
5,SIM-2025-0916,15-06-2026
2,SIM-2026-0917,15-06-2026
3,SIM-2026-0918,15-06-2026
5,SIM-2025-0920,15-06-2026
5,SIM-2024-0921,15-06-2026
1,SIM-2026-0922,15-06-2026
6,SIM-2025-0923,15-06-2026
4,SIM-2026-0924,15-06-2026
1,SIM-2025-0925,15-06-2026
6,SIM-2025-0926,15-06-2026
6,SIM-2026-0927,15-06-2026
1,SIM-2025-0930,15-06-2026
1,SIM-2024-0931,15-06-2026
5,SIM-2026-0932,15-06-2026
1,SIM-2025-0933,15-06-2026
5,SIM-2025-0934,15-06-2026
2,SIM-2025-0940,15-06-2026
3,SIM-2026-0943,15-06-2026
4,SIM-2026-0947,15-06-2026
3,SIM-2024-0948,15-06-2026
1,SIM-2024-0949,15-06-2026
5,SIM-2025-0951,15-06-2026
4,SIM-2026-0952,15-06-2026
3,SIM-2025-0953,15-06-2026
2,SIM-2024-0955,15-06-2026
5,SIM-2025-0958,15-06-2026
6,SIM-2025-0960,15-06-2026
3,SIM-2025-0962,15-06-2026
5,SIM-2026-0964,15-06-2026
2,SIM-2026-0965,15-06-2026
2,SIM-2026-0966,15-06-2026
1,SIM-2025-0970,15-06-2026
6,SIM-2024-0971,15-06-2026
2,SIM-2024-0974,15-06-2026
1,SIM-2026-0975,15-06-2026
1,SIM-2025-0976,15-06-2026
1,SIM-2025-0977,15-06-2026
3,SIM-2025-0978,15-06-2026
2,SIM-2025-0979,15-06-2026
5,SIM-2024-0980,15-06-2026
3,SIM-2026-0981,15-06-2026
5,SIM-2025-0983,15-06-2026
4,SIM-2025-0984,15-06-2026
2,SIM-2026-0985,15-06-2026
1,SIM-2024-0988,15-06-2026
3,SIM-2023-0989,15-06-2026
3,SIM-2025-0990,15-06-2026
5,SIM-2025-0991,15-06-2026
6,SIM-2024-0992,15-06-2026
2,SIM-2026-0993,15-06-2026
5,SIM-2024-0996,15-06-2026
3,SIM-2026-0997,15-06-2026
2,SIM-2025-0998,15-06-2026
1,SIM-2025-1000,15-06-2026
4,SIM-2025-1001,15-06-2026
1,SIM-2025-1003,15-06-2026
2,SIM-2024-1004,15-06-2026
3,SIM-2025-1005,15-06-2026
1,SIM-2023-1007,15-06-2026
1,SIM-2026-1008,15-06-2026
1,SIM-2026-1009,15-06-2026
1,SIM-2025-1010,15-06-2026
2,SIM-2026-1011,15-06-2026
2,SIM-2025-1013,15-06-2026
2,SIM-2026-1015,15-06-2026
6,SIM-2026-1016,15-06-2026
3,SIM-2026-1017,15-06-2026
1,SIM-2024-1018,15-06-2026
5,SIM-2025-1019,15-06-2026
4,SIM-2026-1020,15-06-2026
6,SIM-2025-1024,15-06-2026
1,SIM-2026-1025,15-06-2026
6,SIM-2025-1026,15-06-2026
1,SIM-2026-1029,15-06-2026
1,SIM-2026-1030,15-06-2026
6,SIM-2025-1032,15-06-2026
5,SIM-2025-1033,15-06-2026
1,SIM-2024-1034,15-06-2026
4,SIM-2026-1038,15-06-2026
2,SIM-2024-1039,15-06-2026
2,SIM-2023-1041,15-06-2026
2,SIM-2025-1043,15-06-2026
4,SIM-2026-1044,15-06-2026
1,SIM-2026-1045,15-06-2026
1,SIM-2026-1048,15-06-2026
5,SIM-2024-1049,15-06-2026
4,SIM-2026-1055,15-06-2026
1,SIM-2026-1057,15-06-2026
1,SIM-2025-1059,15-06-2026
4,SIM-2025-1060,15-06-2026
6,SIM-2025-1061,15-06-2026
1,SIM-2023-1062,15-06-2026
1,SIM-2024-1063,15-06-2026
3,SIM-2026-1064,15-06-2026
4,SIM-2025-1065,15-06-2026
1,SIM-2026-1067,15-06-2026
1,SIM-2025-1068,15-06-2026
2,SIM-2026-1069,15-06-2026
4,SIM-2025-1070,15-06-2026
3,SIM-2026-1072,15-06-2026
1,SIM-2025-1073,15-06-2026
5,SIM-2024-1075,15-06-2026
1,SIM-2025-1078,15-06-2026
1,SIM-2026-1079,15-06-2026
2,SIM-2026-1082,15-06-2026
6,SIM-2026-1083,15-06-2026
1,SIM-2025-1084,15-06-2026
1,SIM-2025-1085,15-06-2026
2,SIM-2026-1086,15-06-2026
2,SIM-2026-1088,15-06-2026
1,SIM-2026-1090,15-06-2026
1,SIM-2026-1092,15-06-2026
6,SIM-2025-1093,15-06-2026
1,SIM-2025-1094,15-06-2026
3,SIM-2023-1097,15-06-2026
2,SIM-2024-1098,15-06-2026
5,SIM-2024-1099,15-06-2026
1,SIM-2026-1102,15-06-2026
1,SIM-2026-1103,15-06-2026
5,SIM-2025-1104,15-06-2026
6,SIM-2026-1105,15-06-2026
1,SIM-2025-1106,15-06-2026
1,SIM-2026-1110,15-06-2026
1,SIM-2026-1111,15-06-2026
6,SIM-2026-1112,15-06-2026
1,SIM-2026-1113,15-06-2026
6,SIM-2026-1116,15-06-2026
1,SIM-2025-1117,15-06-2026
3,SIM-2025-1121,15-06-2026
1,SIM-2024-1124,15-06-2026
2,SIM-2026-1125,15-06-2026
5,SIM-2026-1126,15-06-2026
6,SIM-2025-1128,15-06-2026
5,SIM-2025-1129,15-06-2026
1,SIM-2026-1130,15-06-2026
2,SIM-2025-1132,15-06-2026
1,SIM-2025-1134,15-06-2026
1,SIM-2025-1136,15-06-2026
2,SIM-2025-1138,15-06-2026
4,SIM-2025-1139,15-06-2026
1,SIM-2026-1140,15-06-2026
2,SIM-2024-1141,15-06-2026
6,SIM-2026-1145,15-06-2026
1,SIM-2026-1152,15-06-2026
6,SIM-2025-1154,15-06-2026
3,SIM-2025-1155,15-06-2026
1,SIM-2025-1158,15-06-2026
6,SIM-2026-1159,15-06-2026
1,SIM-2025-1163,15-06-2026
5,SIM-2025-1164,15-06-2026
3,SIM-2025-1165,15-06-2026
6,SIM-2026-1169,15-06-2026
1,SIM-2026-1170,15-06-2026
1,SIM-2026-1173,15-06-2026
3,SIM-2025-1174,15-06-2026
5,SIM-2025-1175,15-06-2026
1,SIM-2026-1176,15-06-2026
3,SIM-2025-1179,15-06-2026
1,SIM-2025-1181,15-06-2026
3,SIM-2026-1183,15-06-2026
5,SIM-2025-1184,15-06-2026
1,SIM-2023-1185,15-06-2026
4,SIM-2026-1187,15-06-2026
1,SIM-2026-1188,15-06-2026
1,SIM-2025-1190,15-06-2026
3,SIM-2025-1193,15-06-2026
1,SIM-2026-1194,15-06-2026
2,SIM-2025-1195,15-06-2026
3,SIM-2026-1196,15-06-2026
3,SIM-2026-1197,15-06-2026
3,SIM-2025-1198,15-06-2026
1,SIM-2025-1199,15-06-2026
1,SIM-2025-1201,15-06-2026
4,SIM-2025-1202,15-06-2026
1,SIM-2025-1203,15-06-2026
3,SIM-2025-1208,15-06-2026
1,SIM-2023-1209,15-06-2026
1,SIM-2025-1211,15-06-2026
3,SIM-2026-1213,15-06-2026
4,SIM-2024-1214,15-06-2026
6,SIM-2023-1218,15-06-2026
1,SIM-2025-1219,15-06-2026
2,SIM-2026-1221,15-06-2026
1,SIM-2023-1222,15-06-2026
2,SIM-2025-1224,15-06-2026
1,SIM-2026-1229,15-06-2026
1,SIM-2024-1231,15-06-2026
1,SIM-2026-1232,15-06-2026
1,SIM-2024-1235,15-06-2026
1,SIM-2026-1236,15-06-2026
4,SIM-2026-1237,15-06-2026
5,SIM-2025-1238,15-06-2026
4,SIM-2024-1239,15-06-2026
1,SIM-2025-1240,15-06-2026
2,SIM-2025-1241,15-06-2026
6,SIM-2026-1242,15-06-2026
1,SIM-2026-1243,15-06-2026
2,SIM-2025-1246,15-06-2026
4,SIM-2024-1248,15-06-2026
1,SIM-2026-1250,15-06-2026
1,SIM-2025-1251,15-06-2026
1,SIM-2025-1254,15-06-2026
1,SIM-2026-1257,15-06-2026
1,SIM-2025-1258,15-06-2026
1,SIM-2026-1259,15-06-2026
4,SIM-2025-1260,15-06-2026
5,SIM-2023-1261,15-06-2026
5,SIM-2024-1263,15-06-2026
4,SIM-2026-1265,15-06-2026
1,SIM-2025-1266,15-06-2026
2,SIM-2025-1269,15-06-2026
6,SIM-2024-1271,15-06-2026
1,SIM-2026-1273,15-06-2026
3,SIM-2024-1274,15-06-2026
1,SIM-2026-1275,15-06-2026
4,SIM-2025-1277,15-06-2026
5,SIM-2024-1281,15-06-2026
6,SIM-2024-1282,15-06-2026
6,SIM-2024-1283,15-06-2026
1,SIM-2026-1285,15-06-2026
1,SIM-2024-1287,15-06-2026
1,SIM-2025-1288,15-06-2026
3,SIM-2024-1289,15-06-2026
1,SIM-2026-1290,15-06-2026
5,SIM-2023-1293,15-06-2026
2,SIM-2025-1294,15-06-2026
1,SIM-2025-1295,15-06-2026
1,SIM-2025-1296,15-06-2026
4,SIM-2025-1298,15-06-2026
1,SIM-2025-1300,15-06-2026
1,SIM-2025-1304,15-06-2026
4,SIM-2023-1305,15-06-2026
2,SIM-2025-1306,15-06-2026
2,SIM-2026-1307,15-06-2026
3,SIM-2026-1308,15-06-2026
1,SIM-2024-1310,15-06-2026
4,SIM-2025-1312,15-06-2026
1,SIM-2024-1313,15-06-2026
3,SIM-2024-1317,15-06-2026
3,SIM-2025-1319,15-06-2026
6,SIM-2024-1321,15-06-2026
1,SIM-2024-1322,15-06-2026
4,SIM-2024-1323,15-06-2026
5,SIM-2024-1326,15-06-2026
2,SIM-2026-1327,15-06-2026
1,SIM-2026-1328,15-06-2026
1,SIM-2024-1330,15-06-2026
2,SIM-2024-1331,15-06-2026
1,SIM-2025-1332,15-06-2026
5,SIM-2025-1333,15-06-2026
1,SIM-2025-1338,15-06-2026
1,SIM-2025-1339,15-06-2026
1,SIM-2025-1340,15-06-2026
1,SIM-2024-1342,15-06-2026
1,SIM-2024-1344,15-06-2026
6,SIM-2025-1345,15-06-2026
3,SIM-2025-1348,15-06-2026
2,SIM-2025-1349,15-06-2026
2,SIM-2025-1350,15-06-2026
1,SIM-2025-1351,15-06-2026
1,SIM-2023-1355,15-06-2026
3,SIM-2025-1356,15-06-2026
6,SIM-2024-1357,15-06-2026
6,SIM-2025-1359,15-06-2026
6,SIM-2026-1363,15-06-2026
1,SIM-2024-1365,15-06-2026
3,SIM-2024-1366,15-06-2026
1,SIM-2026-1367,15-06-2026
1,SIM-2025-1368,15-06-2026
1,SIM-2025-1369,15-06-2026
2,SIM-2025-1370,15-06-2026
3,SIM-2025-1371,15-06-2026
1,SIM-2026-1373,15-06-2026
2,SIM-2025-1374,15-06-2026
6,SIM-2025-1376,15-06-2026
2,SIM-2026-1377,15-06-2026
3,SIM-2025-1379,15-06-2026
1,SIM-2025-1381,15-06-2026
5,SIM-2025-1382,15-06-2026
4,SIM-2025-1383,15-06-2026
5,SIM-2024-1387,15-06-2026
2,SIM-2025-1388,15-06-2026
5,SIM-2026-1389,15-06-2026
1,SIM-2025-1390,15-06-2026
4,SIM-2024-1392,15-06-2026
1,SIM-2026-1393,15-06-2026
2,SIM-2026-1396,15-06-2026
5,SIM-2026-1399,15-06-2026
4,SIM-2025-1401,15-06-2026
4,SIM-2026-1403,15-06-2026
1,SIM-2026-1407,15-06-2026
6,SIM-2025-1409,15-06-2026
3,SIM-2026-1412,15-06-2026
1,SIM-2025-1413,15-06-2026
2,SIM-2025-1415,15-06-2026
3,SIM-2025-1416,15-06-2026
1,SIM-2024-1417,15-06-2026
1,SIM-2024-1418,15-06-2026
1,SIM-2025-1420,15-06-2026
1,SIM-2025-1421,15-06-2026
3,SIM-2025-1422,15-06-2026
1,SIM-2024-1424,15-06-2026
1,SIM-2025-1425,15-06-2026
3,SIM-2026-1427,15-06-2026
1,SIM-2023-1429,15-06-2026
1,SIM-2024-1430,15-06-2026
5,SIM-2024-1431,15-06-2026
1,SIM-2024-1433,15-06-2026
2,SIM-2025-1435,15-06-2026
4,SIM-2025-1437,15-06-2026
1,SIM-2024-1439,15-06-2026
1,SIM-2025-1441,15-06-2026
2,SIM-2025-1442,15-06-2026
5,SIM-2026-1443,15-06-2026
6,SIM-2024-1444,15-06-2026
5,SIM-2024-1445,15-06-2026
1,SIM-2024-1448,15-06-2026
4,SIM-2025-1449,15-06-2026
2,SIM-2025-1451,15-06-2026
1,SIM-2025-1452,15-06-2026
4,SIM-2025-1453,15-06-2026
2,SIM-2026-1454,15-06-2026
2,SIM-2024-1456,15-06-2026
1,SIM-2026-1460,15-06-2026
5,SIM-2026-1461,15-06-2026
1,SIM-2024-1463,15-06-2026
2,SIM-2025-1464,15-06-2026
1,SIM-2026-1466,15-06-2026
3,SIM-2025-1467,15-06-2026
5,SIM-2026-1469,15-06-2026
5,SIM-2025-1470,15-06-2026
2,SIM-2026-1472,15-06-2026
3,SIM-2026-1474,15-06-2026
5,SIM-2026-1475,15-06-2026
1,SIM-2026-1477,15-06-2026
5,SIM-2025-1478,15-06-2026
4,SIM-2025-1481,15-06-2026
1,SIM-2026-1483,15-06-2026
1,SIM-2026-1484,15-06-2026
1,SIM-2026-1485,15-06-2026
1,SIM-2024-1486,15-06-2026
1,SIM-2025-1487,15-06-2026
1,SIM-2026-1488,15-06-2026
6,SIM-2025-1489,15-06-2026
1,SIM-2025-1490,15-06-2026
2,SIM-2025-1491,15-06-2026
3,SIM-2026-1495,15-06-2026
1,SIM-2023-1496,15-06-2026
1,SIM-2025-1498,15-06-2026
1,SIM-2026-1499,15-06-2026
